id,group,first_name,last_name,email,signup_date
1,alpha,Drew,Kim,user1@example.com,2025-02-22
2,alpha,Alex,Nguyen,user2@example.com,2025-04-30
3,alpha,Indigo,Rossi,user3@example.com,2025-10-29
4,alpha,Casey,Rossi,user4@example.com,2025-03-21
5,charlie,Gray,Patel,user5@example.com,2025-06-26
6,alpha,Indigo,Patel,user6@example.com,2025-07-13
7,charlie,Jordan,Singh,user7@example.com,2025-12-27
8,bravo,Blair,Kim,user8@example.com,2025-07-14
9,charlie,Finn,Kim,user9@example.com,2025-12-26
10,alpha,Casey,Silva,user10@example.com,2025-03-25
11,charlie,Indigo,Kim,user11@example.com,2026-01-29
12,bravo,Finn,Rossi,user12@example.com,2025-04-19
13,charlie,Harper,Rossi,user13@example.com,2025-11-26
14,charlie,Indigo,Silva,user14@example.com,2025-10-27
15,delta,Casey,Silva,user15@example.com,2026-01-22
16,,Casey,Rossi,user16@example.com,2025-07-17
17,delta,Indigo,Nguyen,user17@example.com,2025-02-28
18,charlie,Finn,Patel,user18@example.com,2025-03-22
19,charlie,Casey,Silva,user19@example.com,2025-11-17
20,bravo,Casey,Silva,user20@example.com,2025-09-29
21,charlie,Blair,Singh,user21@example.com,2025-06-07
22,bravo,Blair,Patel,user22@example.com,2025-02-05
23,bravo,Harper,Silva,user23@example.com,2025-09-28
24,delta,Indigo,Kim,user24@example.com,2025-07-24
25,charlie,Indigo,Andersen,user25@example.com,2025-04-26
26,alpha,Drew,Wright,user26@example.com,2025-02-06
27,alpha,Alex,Singh,user27@example.com,2025-05-02
28,delta,Casey,Wright,user28@example.com,2025-05-05
29,delta,Blair,Rossi,user29@example.com,2025-07-30
30,alpha,Blair,Nguyen,user30@example.com,2025-06-23
31,alpha,Drew,Silva,user31@example.com,2025-08-05
32,delta,Blair,Andersen,user32@example.com,2025-10-09
33,alpha,Drew,Garcia,user33@example.com,2025-09-04
34,delta,Casey,Rossi,,2025-07-19
35,delta,Indigo,Andersen,user35@example.com,2025-06-01
36,alpha,Indigo,Nguyen,user36@example.com,2025-01-30
37,delta,Indigo,Garcia,user37@example.com,2025-09-18
38,bravo,Blair,Kim,user38@example.com,2025-10-19
39,alpha,Gray,Wright,user39@example.com,2025-06-11
40,bravo,Finn,Kim,user40@example.com,2025-03-09
41,charlie,Blair,Nguyen,user41@example.com,2025-10-16
42,alpha,Indigo,Okafor,user42@example.com,2025-06-28
43,bravo,Casey,Andersen,user43@example.com,2025-12-27
44,alpha,Indigo,Okafor,user44@example.com,2025-02-23
45,bravo,Blair,Silva,user45@example.com,2025-05-25
46,charlie,Eden,Silva,user46@example.com,2025-01-27
47,delta,Alex,Nguyen,user47@example.com,2025-03-08
48,charlie,Harper,Silva,user48@example.com,2025-10-15
49,,Casey,Silva,,2025-07-09
50,bravo,Alex,Okafor,user50@example.com,2025-01-21
51,bravo,Blair,Singh,user51@example.com,2025-07-28
52,bravo,Drew,Garcia,user52@example.com,2025-04-01
53,alpha,Finn,Rossi,user53@example.com,2026-01-12
54,charlie,Blair,Rossi,user54@example.com,2025-08-29
55,delta,Drew,Kim,,2025-04-09
56,charlie,Eden,Singh,user56@example.com,2025-07-24
57,charlie,Blair,Okafor,user57@example.com,2025-05-16
58,,Finn,Singh,user58@example.com,2025-09-19
59,bravo,Gray,Nguyen,user59@example.com,2025-10-03
60,bravo,Blair,Singh,user60@example.com,2025-12-06
61,charlie,Gray,Singh,user61@example.com,2025-06-01
62,bravo,Gray,Garcia,user62@example.com,2025-06-04
63,alpha,Drew,Rossi,user63@example.com,2025-11-07
64,delta,Drew,Silva,user64@example.com,2026-01-12
65,alpha,Jordan,Singh,user65@example.com,2026-01-20
66,charlie,Drew,Garcia,,2025-05-06
67,alpha,Jordan,Kim,user67@example.com,2025-07-16
68,bravo,Alex,Patel,user68@example.com,2025-04-23
69,delta,Drew,Patel,user69@example.com,2025-08-26
70,charlie,Harper,Wright,user70@example.com,2025-09-16
71,delta,Harper,Andersen,user71@example.com,2025-05-07
72,charlie,Indigo,Andersen,user72@example.com,2025-05-21
73,charlie,Finn,Singh,user73@example.com,2025-02-11
74,bravo,Casey,Kim,user74@example.com,2025-07-28
75,delta,Drew,Rossi,user75@example.com,2026-01-30
76,alpha,Jordan,Rossi,user76@example.com,2025-06-30
77,delta,Gray,Silva,user77@example.com,2025-10-07
78,bravo,Eden,Rossi,user78@example.com,2025-07-19
79,delta,Harper,Garcia,user79@example.com,2025-10-01
80,,Jordan,Nguyen,user80@example.com,2025-08-08
81,delta,Eden,Rossi,user81@example.com,2025-08-21
82,delta,Gray,Okafor,user82@example.com,2025-08-29
83,,Finn,Kim,user83@example.com,2026-02-04
84,alpha,Drew,Kim,user84@example.com,2025-11-15
85,bravo,Blair,Wright,user85@example.com,2025-08-27
86,charlie,Jordan,Patel,user86@example.com,2025-03-25
87,alpha,Eden,Wright,user87@example.com,2025-07-12
88,bravo,Drew,Patel,user88@example.com,2025-06-04
89,alpha,Jordan,Nguyen,user89@example.com,2025-08-08
90,alpha,Finn,Nguyen,user90@example.com,2025-09-08
91,charlie,Harper,Garcia,user91@example.com,2026-01-11
92,charlie,Indigo,Andersen,user92@example.com,2026-01-10
93,charlie,Blair,Okafor,user93@example.com,2025-05-05
94,delta,Harper,Singh,user94@example.com,2025-04-19
95,charlie,Jordan,Okafor,user95@example.com,2025-09-22
96,alpha,Gray,Andersen,user96@example.com,2025-05-04
97,delta,Alex,Patel,user97@example.com,2025-07-27
98,charlie,Finn,Andersen,user98@example.com,2025-06-26
99,charlie,Harper,Okafor,user99@example.com,2025-04-29
100,bravo,Indigo,Garcia,user100@example.com,2026-01-14
101,charlie,Drew,Okafor,user101@example.com,2025-04-02
102,bravo,Alex,Silva,user102@example.com,2025-03-06
103,delta,Alex,Wright,user103@example.com,2025-09-03
104,bravo,Eden,Andersen,user104@example.com,2025-02-03
105,alpha,Alex,Garcia,user105@example.com,2025-10-16
106,alpha,Blair,Silva,user106@example.com,2025-11-07
107,bravo,Gray,Andersen,user107@example.com,2025-06-02
108,delta,Jordan,Nguyen,user108@example.com,2026-01-14
109,bravo,Eden,Patel,user109@example.com,2025-03-30
110,bravo,,Andersen,user110@example.com,2025-08-29
111,bravo,Eden,Andersen,user111@example.com,2025-04-30
112,bravo,Indigo,Kim,user112@example.com,2025-05-17
113,alpha,Eden,Wright,user113@example.com,2025-10-19
114,delta,Eden,Rossi,user114@example.com,2025-09-14
115,delta,Alex,Rossi,user115@example.com,2025-11-06
116,alpha,Jordan,Wright,user116@example.com,2026-01-27
117,charlie,Casey,Andersen,user117@example.com,2025-08-15
118,bravo,Gray,Andersen,user118@example.com,2025-08-29
119,charlie,Blair,Garcia,user119@example.com,2025-12-22
120,delta,Indigo,Nguyen,user120@example.com,2025-06-11
121,alpha,Gray,Silva,user121@example.com,2025-01-01
122,delta,Drew,Silva,user122@example.com,2026-01-23
123,delta,Drew,Okafor,user123@example.com,2025-05-28
124,delta,Jordan,Kim,user124@example.com,2025-06-09
125,delta,Blair,Andersen,user125@example.com,2025-11-28
126,delta,Eden,Silva,user126@example.com,2025-08-01
127,delta,Indigo,Garcia,user127@example.com,2025-11-03
128,bravo,Eden,Rossi,user128@example.com,2025-09-17
129,alpha,Eden,Wright,user129@example.com,2025-12-04
130,bravo,Harper,Singh,user130@example.com,2026-01-26
131,delta,Drew,Kim,user131@example.com,2025-04-30
132,delta,,Andersen,user132@example.com,2025-07-15
133,bravo,Alex,Garcia,user133@example.com,2025-10-30
134,alpha,Harper,Patel,user134@example.com,2025-08-22
135,,Casey,Patel,user135@example.com,2025-05-16
136,delta,Finn,Silva,user136@example.com,2025-06-12
137,delta,Alex,Wright,user137@example.com,2025-11-20
138,charlie,Blair,Rossi,user138@example.com,2026-01-25
139,alpha,Eden,Nguyen,,2025-01-29
140,charlie,Drew,Silva,user140@example.com,2025-12-16
141,bravo,Jordan,Rossi,user141@example.com,2025-05-04
142,bravo,Eden,Andersen,user142@example.com,2025-01-05
143,delta,Indigo,Garcia,user143@example.com,2025-06-26
144,charlie,Gray,Okafor,user144@example.com,2025-06-04
145,delta,Blair,Kim,user145@example.com,2025-07-03
146,charlie,,Rossi,user146@example.com,2025-10-17
147,alpha,Harper,Okafor,user147@example.com,2025-04-28
148,charlie,Drew,Wright,user148@example.com,2026-01-22
149,bravo,Alex,Okafor,user149@example.com,2025-01-18
150,bravo,Eden,Singh,user150@example.com,2025-03-31
151,charlie,Eden,Garcia,user151@example.com,2025-09-04
152,charlie,Finn,Patel,user152@example.com,2025-02-08
153,bravo,Gray,Silva,user153@example.com,2025-07-22
154,,Harper,Singh,user154@example.com,2025-12-11
155,delta,Finn,Patel,user155@example.com,2025-08-30
156,,Indigo,Singh,user156@example.com,2025-04-24
157,delta,Eden,Rossi,user157@example.com,2025-01-24
158,charlie,Blair,Patel,user158@example.com,2025-10-03
159,delta,Indigo,Rossi,user159@example.com,2026-01-08
160,delta,Harper,Wright,user160@example.com,2025-05-24
161,,Harper,Andersen,user161@example.com,2025-07-05
162,charlie,Finn,Nguyen,user162@example.com,2025-04-08
163,delta,Drew,Wright,user163@example.com,2025-01-26
164,bravo,Jordan,Kim,user164@example.com,2026-01-27
165,bravo,Drew,Singh,user165@example.com,2025-11-02
166,,Casey,Garcia,user166@example.com,2025-03-31
167,alpha,Finn,Kim,user167@example.com,2025-01-09
168,alpha,Gray,Silva,user168@example.com,2025-02-02
169,charlie,Blair,Andersen,user169@example.com,2025-11-11
170,,Indigo,Okafor,user170@example.com,2025-01-16
171,delta,Gray,Patel,user171@example.com,2025-08-16
172,alpha,Casey,Patel,user172@example.com,2025-11-16
173,charlie,Jordan,Silva,user173@example.com,2025-09-16
174,alpha,Blair,Silva,user174@example.com,2025-04-21
175,bravo,Harper,Rossi,user175@example.com,2025-02-18
176,charlie,Finn,Garcia,user176@example.com,2025-08-31
177,alpha,Blair,Singh,user177@example.com,2025-10-12
178,charlie,Gray,Singh,user178@example.com,2026-01-20
179,alpha,Jordan,Okafor,user179@example.com,2025-10-23
180,bravo,Drew,Patel,user180@example.com,2025-10-12
181,charlie,Gray,Silva,user181@example.com,2025-11-15
182,alpha,Eden,Nguyen,user182@example.com,2025-12-26
183,charlie,Casey,Garcia,user183@example.com,2025-07-25
184,alpha,Indigo,Kim,user184@example.com,2025-08-21
185,charlie,Finn,Wright,user185@example.com,2025-01-27
186,alpha,Eden,Andersen,user186@example.com,2025-09-06
187,delta,Indigo,Patel,user187@example.com,2025-02-26
188,delta,Eden,Nguyen,user188@example.com,2025-11-03
189,bravo,Drew,Garcia,user189@example.com,2025-05-29
190,alpha,Gray,Garcia,user190@example.com,2025-09-30
191,charlie,Alex,Rossi,,2025-02-09
192,delta,Gray,Okafor,user192@example.com,2025-01-11
193,bravo,Jordan,Andersen,user193@example.com,2025-07-05
194,alpha,Jordan,Rossi,user194@example.com,2025-07-22
195,charlie,Casey,Patel,user195@example.com,2025-02-28
196,bravo,Finn,Singh,user196@example.com,2025-11-27
197,bravo,Eden,Kim,user197@example.com,2025-03-20
198,alpha,Harper,Andersen,user198@example.com,2026-01-25
199,charlie,Finn,Garcia,user199@example.com,2025-08-29
200,charlie,Jordan,Nguyen,user200@example.com,2025-02-07
